<?xml version="1.0" encoding="UTF-8" standalone="yes"?>
<addon id="service.osdonplayback"
    name="'OSD'onPlayBack" 
	version="1.1" 
	provider-name="Bower9065">
  <requires>
    <import addon="xbmc.python" version="3.0.0"/>
  </requires>
  <extension point="xbmc.service" library="service.py" />
  <extension point="xbmc.addon.metadata">
    <assets>
        <icon>resources/media/icon.png</icon>
        <fanart>resources/media/fanart.jpg</fanart>
        <screenshot>resources/media/Screenshot01.jpg</screenshot>
        <screenshot>resources/media/Screenshot02.jpg</screenshot>

    </assets>
    <platform>all</platform>
    <source>https://github.com/bower9065/bower9065.github.io/tree/master/repo/service.osdonplayback</source>
    <summary lang="en_GB">Displays Video OSD on video playback.</summary>
    <description lang="en_GB">Auto display Video OSD at the beginning of video playback for an adjustable amount of seconds.</description>
  </extension>
</addon>





